,City,Country,Latitude,Longitude,Cloudiness,Humidity,Temperature,Wind Speed
0,Soyo,AO,-6.1349,12.3689,42,88,74.37,7.47
1,Atuona,PF,-9.8,-139.0333,36,68,77.85,20.92
2,Port Elizabeth,ZA,-33.918,25.5701,90,100,57.49,16.11
3,Kapaa,US,22.0752,-159.319,40,66,81.55,3.0
4,Maierus,RO,45.9,25.5333,10,74,53.46,1.28
5,Gogrial,SS,8.5332,28.1004,100,98,70.21,4.27
6,San Andres,CO,12.5847,-81.7006,90,94,75.22,4.61
7,Puerto Ayora,EC,-0.7393,-90.3518,74,92,69.55,5.01
8,Shitanjing,CN,39.2342,106.3439,100,60,64.62,13.89
9,Noumea,NC,-22.2763,166.4572,1,68,76.98,2.71
10,Acapulco,MX,16.8634,-99.8901,93,79,81.01,4.83
11,Khrenovoye,RU,51.12,40.2889,93,54,64.58,10.96
12,Hithadhoo,MV,-0.6,73.0833,9,75,83.08,9.62
13,Luangwa,ZM,-15.6167,30.4167,43,46,72.75,2.08
14,Jamestown,US,42.097,-79.2353,90,93,64.04,5.99
15,Kitimat,CA,54.0524,-128.6534,100,68,57.9,2.35
16,East London,ZA,-33.0153,27.9116,100,75,65.73,14.16
17,Yabelo,ET,4.8833,38.0833,88,55,63.23,10.67
18,Hermanus,ZA,-34.4187,19.2345,90,76,53.8,8.79
19,Novoagansk,RU,61.9449,76.6625,100,97,37.45,11.95
20,Souillac,MU,-20.5167,57.5167,75,78,70.18,18.41
21,Paamiut,GL,61.994,-49.6678,3,71,37.94,25.59
22,Merauke,ID,-8.4667,140.3333,93,85,78.91,12.5
23,Plattsburgh,US,44.6995,-73.4529,28,53,69.33,1.01
24,Stornoway,GB,58.2093,-6.3865,90,94,55.36,6.91
25,Airai,TL,-8.9266,125.4092,44,85,58.84,2.91
26,Nagato,JP,34.3833,131.2,100,90,73.35,9.1
27,Zholymbet,KZ,51.7433,71.7122,51,61,47.5,12.08
28,San Patricio,US,28.017,-97.5169,100,88,80.47,22.12
29,Pisco,PE,-13.7,-76.2167,20,82,62.65,5.14
30,Iqaluit,CA,63.7506,-68.5145,75,64,35.33,18.41
31,Saint-Augustin,CA,51.226,-58.6502,61,75,57.94,10.54
32,Saint-Philippe,RE,-21.3585,55.7679,56,79,67.41,14.5
33,Ambo,PE,-10.1308,-76.2047,38,59,70.5,10.71
34,Kysyl-Syr,RU,63.8986,122.7617,100,96,50.34,5.84
35,Linxia,CN,35.6003,103.2064,100,78,61.23,0.83
36,Nova Olimpia,BR,-14.7972,-57.2881,93,34,90.14,3.22
37,Skogn,NO,63.7,11.2,100,82,45.77,5.88
38,Te Anau,NZ,-45.4167,167.7167,47,82,38.98,3.51
39,Esperance,AU,-33.8667,121.9,0,85,48.04,9.37
40,Butaritari,KI,3.0707,172.7902,43,78,82.13,17.02
41,Mestia,GE,43.0458,42.7278,12,93,50.14,1.95
42,Saint-Francois,FR,46.4154,3.9054,0,88,63.84,2.3
43,Darhan,MN,49.4867,105.9228,100,53,57.06,5.77
44,Lebu,CL,-37.6167,-73.65,1,71,49.75,11.54
45,Provideniya,RU,64.3833,-173.3,90,76,46.51,13.42
46,Issoire,FR,45.55,3.25,96,72,69.06,5.23
47,Cape Town,ZA,-33.9258,18.4232,0,76,54.45,4.0
48,Avera,US,33.194,-82.5271,100,37,86.58,2.35
49,Marzuq,YE,14.4,46.4667,40,31,83.35,3.91
50,Chuy,UY,-33.6971,-53.4616,78,98,58.75,2.86
51,Rikitea,PF,-23.1203,-134.9692,65,74,74.19,10.42
52,Acarau,BR,-2.8856,-40.12,15,83,79.0,15.88
53,Ancud,CL,-41.8697,-73.8203,86,74,49.53,8.19
54,Lompoc,US,34.6391,-120.4579,75,71,75.99,5.99
55,Tornio,FI,65.8481,24.1466,100,97,41.02,19.71
56,Hilo,US,19.7297,-155.09,2,77,81.01,5.01
57,Avarua,CK,-21.2078,-159.775,16,69,77.05,13.8
58,Barrow,US,71.2906,-156.7887,100,81,38.3,12.12
59,Waipawa,NZ,-41.4122,175.5153,90,92,45.93,15.86
60,Kodiak,US,57.79,-152.4072,99,77,52.16,10.71
61,Puerto Leguizamo,CO,-0.1934,-74.7819,87,71,81.09,1.68
62,Fairbanks,US,64.8378,-147.7164,90,55,59.31,0.0
63,Kavieng,PG,-2.5744,150.7967,90,78,82.49,14.07
64,Mandalgovi,MN,45.7625,106.2708,100,48,56.03,9.1
65,Luderitz,NA,-26.6481,15.1594,0,73,53.98,15.93
66,Zwedru,LR,6.0667,-8.1281,100,99,72.19,2.1
67,Lakefield,US,43.6775,-95.1717,90,73,72.0,4.61
68,Beyneu,KZ,45.3167,55.2,51,39,71.56,12.93
69,Hasaki,JP,35.7333,140.8333,97,66,70.2,10.65
70,Namibe,AO,-15.1961,12.1522,76,87,64.04,6.67
71,Puri,IN,19.8,85.85,100,83,82.78,19.66
72,Georgetown,MY,5.4112,100.3354,20,89,77.54,2.3
73,Alta Floresta,BR,-9.8756,-56.0861,49,74,75.79,4.32
74,Arraial Do Cabo,BR,-22.9661,-42.0278,0,88,73.26,12.66
75,Kulhudhuffushi,MV,6.6221,73.07,47,78,82.24,15.17
76,Hofn,IS,64.2539,-15.2082,52,72,50.85,27.58
77,Zambezi,ZM,-13.5432,23.1047,10,28,69.62,5.55
78,Ribeira Grande,PT,38.5167,-28.7,70,93,72.21,6.53
79,Quzhou,CN,28.9594,118.8686,39,96,72.55,4.27
80,Mabaruma,GY,8.2,-59.7833,20,79,84.2,16.11
81,Bambous Virieux,MU,-20.3428,57.7575,75,78,70.05,18.41
82,Ponta Do Sol,PT,32.6667,-17.1,18,75,71.26,10.51
83,Kuito,AO,-12.3833,16.9333,67,35,66.97,3.56
84,Haines Junction,CA,60.7522,-137.5108,100,47,57.15,6.91
85,Panguna,PG,-6.3164,155.4848,53,72,76.95,2.91
86,Kaeo,NZ,-35.1,173.7833,85,87,63.32,9.26
87,Inyonga,TZ,-6.7167,32.0667,85,37,74.21,6.2
88,Yulara,AU,-25.2406,130.9889,31,26,55.24,10.36
89,Kavaratti,IN,10.5669,72.642,100,81,80.96,21.3
90,Albany,US,42.6001,-73.9662,65,60,70.97,8.66
91,Karasjok,NO,69.4719,25.5112,100,90,42.91,13.24
92,Komatipoort,ZA,-25.4332,31.9548,0,86,62.06,5.39
93,Mahebourg,MU,-20.4081,57.7,75,78,70.09,18.41
94,Bubaque,GW,11.2833,-15.8333,100,85,78.42,8.23
95,Lombardia,MX,19.15,-102.0333,100,93,72.57,1.88
96,San Jose,US,37.3394,-121.895,1,41,85.75,5.01
97,Constitucion,CL,-35.3333,-72.4167,13,69,52.11,6.8
98,Fortuna,US,40.5982,-124.1573,1,67,64.56,5.01
99,Artyom,AZ,40.4723,50.333,0,76,71.74,21.14
100,Olafsvik,IS,64.8945,-23.7142,92,74,47.7,31.38
101,Busselton,AU,-33.65,115.3333,2,84,39.04,5.77
102,George,ZA,-33.963,22.4617,90,94,53.15,3.44
103,Martapura,ID,-3.4167,114.85,75,88,77.09,2.3
104,Paita,PE,-5.0892,-81.1144,20,78,72.16,19.04
105,Vaini,TO,-21.2,-175.2,40,88,77.16,8.05
106,Carnarvon,AU,-24.8667,113.6333,0,81,50.07,8.05
107,Touros,BR,-5.1989,-35.4608,3,80,79.7,15.1
108,Castro,BR,-24.7911,-50.0119,84,42,72.99,3.85
109,Saldanha,ZA,-33.0117,17.9442,0,75,55.53,17.56
110,Arman,RU,59.7,150.1667,0,49,50.5,3.24
111,Cockburn Town,TC,21.4612,-71.1419,75,78,76.96,10.36
112,Brae,GB,60.3964,-1.353,96,82,53.51,10.18
113,Nikolskoye,RU,59.7035,30.7861,6,62,48.09,10.36
114,Sabang,ID,5.8933,95.3214,100,74,81.88,15.43
115,Srandakan,ID,-7.9386,110.2506,100,94,75.36,4.41
116,La Ronge,CA,55.1001,-105.2842,75,51,62.85,9.22
117,Alyangula,AU,-13.8483,136.4192,90,94,73.27,0.0
118,Kodinsk,RU,58.6881,99.1844,100,81,39.06,4.07
119,Richards Bay,ZA,-28.783,32.0377,3,92,64.35,3.69
120,Codrington,AU,-38.2667,141.9667,100,70,49.3,6.51
121,Zyryanka,RU,65.75,150.85,84,52,50.16,6.26
122,Prince George,CA,53.9166,-122.753,75,45,63.21,1.99
123,Atbasar,KZ,51.8,68.3333,37,49,49.08,9.8
124,Mataura,NZ,-46.1927,168.8643,85,92,41.49,1.61
125,Cidreira,BR,-30.1811,-50.2056,100,97,66.43,13.53
126,Alyth,GB,56.6221,-3.2301,92,93,54.64,1.01
127,Saint-Pierre,RE,-21.3393,55.4781,0,78,67.5,4.61
128,Sao Joao Da Barra,BR,-21.6403,-41.0511,0,85,77.09,20.47
129,Jinchang,CN,38.4953,102.1739,100,75,61.03,8.61
130,Atar,MR,20.5169,-13.0499,16,25,97.52,12.08
131,Petropavlovsk-Kamchatskiy,RU,53.0452,158.6483,75,100,46.99,2.24
132,Kassala,SD,15.451,36.4,98,76,78.8,9.82
133,Nabire,ID,-3.3667,135.4833,100,93,75.13,3.42
134,Tyshkivka,UA,48.4967,30.9423,14,63,64.96,7.23
135,Frankfort,ZA,-27.2667,28.4833,0,18,55.89,4.68
136,Johnston,US,35.5335,-78.3997,1,56,87.8,0.0
137,Shihezi,CN,44.3,86.0333,0,35,65.32,6.89
138,Honiara,SB,-9.4333,159.95,34,69,83.82,7.74
139,Masunga,BW,-20.6246,27.4488,36,31,66.33,10.92
140,Caucaia,BR,-3.7361,-38.6531,0,76,80.04,11.5
141,Garowe,SO,8.4054,48.4845,18,57,77.77,23.87
142,Stuttgart,DE,48.7823,9.177,0,90,61.88,1.14
143,Bethel,US,41.3712,-73.414,32,70,77.45,4.74
144,Ardesen,TR,41.1911,40.9875,65,82,66.16,2.73
145,Groningen,NL,53.25,6.75,77,72,52.68,3.44
146,Naze,JP,28.3667,129.4833,100,85,79.72,17.65
147,Kahului,US,20.8947,-156.47,4,67,85.96,9.82
148,Fukue,JP,32.6881,128.8419,100,92,76.3,27.2
149,Rovaniemi,FI,66.5,25.7167,90,75,40.41,9.22
150,Kapuskasing,CA,49.4169,-82.4331,90,67,59.0,3.44
151,Siilinjarvi,FI,63.0833,27.6667,20,65,44.62,20.71
152,Rawson,AR,-43.3002,-65.1023,43,33,52.99,5.91
153,Maneromango,TZ,-7.1988,38.7848,14,92,69.55,2.15
154,Mokrous,RU,51.2333,47.5167,100,46,60.93,8.63
155,Kupang,ID,-10.1667,123.5833,20,73,77.58,5.75
156,Yaan,NG,7.3833,8.5667,94,93,71.64,4.76
157,Najran,SA,17.4924,44.1277,2,22,79.45,2.75
158,Irtyshskiy,RU,58.3333,68.1333,10,82,33.82,5.08
159,Havre-Saint-Pierre,CA,50.2334,-63.5986,40,77,59.36,23.02
160,Dunedin,NZ,-45.8742,170.5036,97,70,43.81,10.0
161,Cavalcante,BR,-13.7975,-47.4583,14,18,80.29,3.62
162,Tarakan,ID,3.3,117.6333,20,94,76.5,4.61
163,Nha Trang,VN,12.25,109.1833,88,90,80.6,5.1
164,Minatitlan,MX,17.9833,-94.5167,83,78,86.23,5.21
165,Ankazobe,MG,-18.3167,47.1167,12,88,54.01,7.18
166,Hobyo,SO,5.3505,48.5268,82,78,77.14,26.42
167,Bam,IR,29.106,58.357,0,13,81.12,8.03
168,Madera,US,37.1666,-119.8343,0,14,95.95,5.7
169,Yelan,RU,50.949,43.7378,97,51,61.63,6.91
170,Huilong,CN,31.8111,121.655,100,93,75.97,33.42
171,Saint George,US,37.1041,-113.5841,0,14,100.27,5.01
172,Kholtoson,RU,50.2981,103.3097,99,95,46.74,1.61
173,Cabo San Lucas,MX,22.8909,-109.9124,5,76,87.15,7.16
174,Belyy Yar,RU,53.6039,91.3903,0,81,39.09,4.47
175,Bengkulu,ID,-3.8004,102.2655,100,85,73.45,6.67
176,Coihaique,CL,-45.5752,-72.0662,75,61,46.35,10.36
177,Tasiilaq,GL,65.6145,-37.6368,94,66,37.45,10.85
178,Chengde,CN,40.9725,117.9361,94,71,60.93,2.77
179,Manzhouli,CN,49.6,117.4333,1,89,45.55,4.25
180,Miri,MY,4.4148,114.0089,40,94,75.34,6.91
181,Victoria,HK,22.2855,114.1577,94,84,85.93,1.01
182,Luang Prabang,LA,19.8856,102.1347,100,99,73.96,0.63
183,Pochutla,MX,15.7432,-96.4661,100,75,82.81,2.86
184,Falmouth,GB,50.1544,-5.0711,90,100,58.08,5.99
185,Severo-Kurilsk,RU,50.6789,156.125,100,89,49.8,40.13
186,Osakarovka,KZ,50.565,72.5692,5,51,46.0,6.96
187,Sar-E Pul,AF,35.8333,66.1667,0,27,53.91,1.32
188,Ugoofaaru,MV,5.6667,73.0,13,78,82.24,13.51
189,Westport,US,41.1415,-73.3579,33,60,79.7,1.99
190,Alvorada,BR,-12.48,-49.1247,47,18,90.55,4.76
191,Pierre,US,44.3683,-100.351,90,88,65.32,3.44
192,Erenhot,CN,43.6475,111.9767,100,59,64.13,13.85
193,Port Hedland,AU,-20.3167,118.5667,5,100,59.05,4.61
194,Mporokoso,ZM,-9.3727,30.125,98,38,73.67,1.34
195,Barcelona,ES,41.3888,2.159,20,83,77.41,3.0
196,Baker City,US,44.7749,-117.8344,38,38,72.84,9.24
197,Naron,ES,43.5167,-8.1528,87,94,66.38,4.25
198,Tautira,PF,-17.7333,-149.15,43,79,82.42,19.04
199,Wanaka,NZ,-44.7,169.15,9,51,41.11,1.99
200,Olga,RU,43.7444,135.2892,89,91,55.09,2.57
201,Pangnirtung,CA,66.1451,-65.7125,20,60,39.2,11.5
202,Dwarka,IN,22.2394,68.9678,100,87,80.82,17.05
203,Klyuchevskiy,RU,53.5317,119.4519,12,98,40.23,1.48
204,Thompson,CA,55.7435,-97.8558,90,100,50.16,3.44
205,Callaway,US,30.153,-85.5699,99,71,84.79,1.01
206,Saint-Benoit,RE,-21.038,55.7194,87,80,69.8,10.42
207,Faanui,PF,-16.4833,-151.75,9,77,77.97,17.58
208,Ahvaz,IR,31.3203,48.6693,0,23,87.75,6.91
209,Kuytun,RU,54.3419,101.5036,100,86,44.22,11.61
210,Bereda,ES,43.2686,-7.5406,100,100,62.62,1.07
211,Vila Franca Do Campo,PT,37.7167,-25.4333,34,82,68.41,7.56
212,Suntar,RU,62.1444,117.6319,83,86,45.99,4.34
213,Fort Nelson,CA,58.8053,-122.7002,40,30,65.79,10.36
214,Imeni Poliny Osipenko,RU,52.4201,136.4853,0,73,43.9,2.66
215,Abeche,TD,13.8292,20.8324,57,78,77.95,3.94
216,Umm Lajj,SA,25.0213,37.2685,0,65,84.24,2.55
217,Laguna,US,38.421,-121.4238,1,23,96.06,1.01
218,Guerrero Negro,MX,27.9769,-114.0611,4,57,82.71,14.36
219,Asau,RO,46.4333,26.4,9,95,55.11,3.76
220,Mamonit,PH,15.5859,120.3972,98,91,75.38,3.2
221,Thayetmyo,MM,19.3167,95.1833,100,99,73.62,3.4
222,Tselinnoye,RU,53.0833,85.6667,82,65,40.89,8.52
223,Filingue,NE,14.3521,3.3168,52,52,87.71,10.42
224,Rodrigues Alves,BR,-7.738,-72.6509,90,57,89.8,3.27
225,Kieta,PG,-6.2167,155.6333,79,78,82.18,7.9
226,Salalah,OM,17.0151,54.0924,94,86,78.42,5.17
227,Chardara,KZ,41.2547,67.9692,0,37,64.47,6.44
228,Karwar,IN,14.8,74.1333,100,90,77.2,10.98
229,Pyaozerskiy,RU,65.8333,31.1667,100,95,45.64,18.7
230,Parana,AR,-31.732,-60.5238,0,69,70.59,10.11
231,Alakurtti,RU,66.9672,30.3491,100,98,37.63,12.71
232,Caravelas,BR,-17.7125,-39.2481,0,82,74.23,8.63
233,Vuktyl,RU,63.8567,57.3094,14,92,32.05,3.6
234,Olinda,BR,-8.0089,-34.8553,75,78,74.93,6.91
235,Mgandu,TZ,-5.95,34.1333,85,51,66.06,9.86
236,Tura,IN,25.5198,90.2201,100,97,73.45,6.11
237,Muros,ES,42.7762,-9.0603,59,89,67.37,3.38
238,Guymon,US,36.6828,-101.4816,0,9,97.74,18.95
239,Puerto Gaitan,CO,4.3133,-72.0816,36,63,86.97,3.27
240,Marawi,PH,7.9986,124.2928,89,93,64.65,1.92
241,Christchurch,NZ,-43.5333,172.6333,75,85,43.95,7.0
242,Tres Arroyos,AR,-38.3739,-60.2798,79,68,49.84,5.57
243,Yar-Sale,RU,66.8333,70.8333,100,98,42.08,13.44
244,Walvis Bay,NA,-22.9575,14.5053,0,87,52.75,4.61
245,Mindelo,CV,16.8901,-24.9804,40,78,81.95,4.61
246,Zhigansk,RU,66.7697,123.3711,100,96,46.35,9.1
247,Kohat,PK,33.582,71.4493,0,58,78.87,2.35
248,Chernelytsya,UA,48.8121,25.4248,97,93,58.3,5.06
249,Tecoanapa,MX,16.5167,-98.75,89,85,81.41,8.32
250,Anloga,GH,5.7947,0.8973,100,86,79.02,7.4
251,Kisangani,CD,0.5167,25.2,85,89,71.31,0.89
252,Isa Khel,AF,36.6702,68.8443,0,20,69.22,2.42
253,Inhambane,MZ,-23.865,35.3833,1,85,69.94,8.16
254,Aba,NG,5.1066,7.3667,100,92,73.92,3.38
255,Puerto Del Rosario,ES,28.5004,-13.8627,20,73,76.75,8.05
256,Los Llanos De Aridane,ES,28.6585,-17.9182,0,92,68.13,9.22
257,Gejiu,CN,23.306,103.1635,98,95,56.89,2.71
258,Maragogi,BR,-9.0122,-35.2225,43,89,75.18,8.99
259,Qaqortoq,GL,60.7167,-46.0333,0,56,42.39,4.74
260,Viransehir,TR,37.2353,39.7631,0,49,74.98,5.06
261,Amahai,ID,-3.3333,128.9167,98,87,76.89,2.89
262,Aswan,EG,24.0934,32.907,59,18,88.88,7.52
263,Bathsheba,BB,13.2167,-59.5167,40,74,84.81,4.61
264,Adrar,MR,20.5022,-10.0711,17,14,97.88,10.4
265,Husavik,IS,66.0449,-17.3389,79,63,48.11,30.58
266,Hargeysa,SO,9.56,44.065,3,49,73.99,24.67
267,Whitehorse,CA,60.7161,-135.0538,90,62,52.57,14.97
268,Taltal,CL,-25.4,-70.4833,77,69,60.82,4.81
269,Queanbeyan,AU,-35.35,149.2333,40,75,42.94,0.0
270,Annau,TM,37.8876,58.516,0,30,69.3,6.91
271,Padang,ID,-0.9492,100.3543,100,77,76.23,0.13
272,Ulaangom,MN,49.9811,92.0667,0,64,46.11,2.17
273,Awjilah,LY,29.1081,21.2869,0,61,77.05,14.5
274,Maningrida,AU,-12.0667,134.2667,25,81,77.18,6.35
275,San Cristobal,VE,7.7669,-72.225,20,58,82.58,5.57
276,Nueva Loja,EC,0.0847,-76.8828,20,51,89.62,3.44
277,Qui Nhon,VN,13.7667,109.2333,97,88,78.82,3.85
278,Pacasmayo,PE,-7.4006,-79.5714,94,79,65.48,16.49
279,Rize,TR,40.9044,40.8949,70,88,49.73,1.48
280,Nelson Bay,AU,-32.7167,152.15,100,90,53.15,1.01
281,Umm Kaddadah,SD,13.6017,26.6876,56,56,83.32,12.24
282,Fairview,US,40.8126,-73.999,30,61,81.41,5.01
283,Ko Samui,TH,9.5357,99.9357,91,79,81.61,19.46
284,Sitka,US,57.0531,-135.33,90,88,55.29,13.8
285,Deputatskiy,RU,69.3,139.9,90,59,43.56,1.68
286,Sambava,MG,-14.2667,50.1667,46,86,69.71,10.85
287,Poum,NC,-20.2333,164.0167,7,81,75.2,15.39
288,Billere,FR,43.3,-0.4,75,78,70.47,6.91
289,Sibolga,ID,1.7427,98.7792,100,77,75.4,2.59
290,Samarai,PG,-10.6167,150.6667,88,84,80.26,10.54
291,Nalut,LY,30.3333,10.85,0,40,79.29,14.41
292,Beringovskiy,RU,63.05,179.3167,94,71,33.91,15.64
293,Isla Vista,US,34.4133,-119.861,1,56,86.65,5.57
294,Cervo,ES,43.6702,-7.4101,100,92,66.96,3.83
295,Matara,LK,5.9485,80.5353,70,90,77.77,9.04
296,Manicore,BR,-5.8092,-61.3003,67,44,86.68,2.64
297,Ouallam,NE,14.3188,2.0866,54,46,86.07,11.54
298,Valparaiso,CL,-33.0393,-71.6273,2,66,54.81,17.09
299,Russell,US,32.3502,-85.1999,100,75,84.25,1.97
300,Jutai,BR,-5.1833,-68.9,62,67,82.83,2.33
301,Vista Hermosa,MX,19.5167,-99.2167,63,53,64.31,9.46
302,Doka,SD,13.5167,35.7667,98,88,71.51,1.63
303,Vila,PT,42.0304,-8.1588,86,93,55.33,3.85
304,Farah,AF,32.5,62.5,0,11,70.38,3.24
305,Maniitsoq,GL,65.4167,-52.9,0,61,35.74,6.55
306,Isangel,VU,-19.55,169.2667,29,67,76.75,8.79
307,Karatuzskoye,RU,53.6072,92.8667,92,82,42.84,4.29
308,Sao Felix Do Xingu,BR,-6.6447,-51.995,78,49,82.44,1.57
309,Gallikos,GR,40.8592,22.8756,24,53,71.33,3.89
310,Presque Isle,US,46.6811,-68.0159,97,62,62.71,1.01
311,Gangtok,IN,27.3333,88.6167,96,88,62.46,3.62
312,Nhulunbuy,AU,-12.2333,136.7667,92,88,75.81,0.0
313,Chirongui,YT,-12.9319,45.1483,13,70,75.13,6.93
314,Preeceville,CA,51.95,-102.6677,4,30,68.45,15.66
315,Nanortalik,GL,60.1432,-45.2371,5,80,37.99,19.01
316,Colares,PT,38.7992,-9.4469,18,81,71.13,8.05
317,Grand Gaube,MU,-20.0064,57.6608,90,78,68.38,5.01
318,Tashtyp,RU,52.7939,89.8983,27,95,35.82,4.0
319,Cairo,EG,30.0626,31.2497,0,69,83.16,5.75
320,Sri Aman,MY,1.2376,111.4621,100,99,70.95,0.65
321,Vanimo,PG,-2.6741,141.3028,100,88,77.9,4.45
322,Faya,SA,18.3851,42.4509,9,32,69.82,2.3
323,Salinas,US,36.6777,-121.6555,1,67,69.75,12.66
324,Mitchell,US,43.7094,-98.0298,100,95,65.1,1.99
325,Lasa,IT,46.6166,10.7002,100,88,58.89,2.17
326,Bintulu,MY,3.1667,113.0333,100,97,74.3,3.74
327,Dalbandin,PK,28.8947,64.4101,0,12,79.05,7.14
328,Karasburg,NA,-28.0167,18.75,44,49,54.86,10.98
329,Buchanan,LR,5.8808,-10.0467,98,86,78.24,6.62
330,Horki,BY,54.2861,30.9842,73,96,54.48,10.63
331,Port Hardy,CA,50.6996,-127.4199,90,82,55.58,3.44
332,Pokrovsk,UA,48.282,37.1758,24,58,63.5,4.61
333,Bilibino,RU,68.0546,166.4372,98,99,34.3,2.21
334,Comodoro Rivadavia,AR,-45.8667,-67.5,0,41,53.49,9.33
335,Ahipara,NZ,-35.1667,173.1667,100,80,62.44,11.56
336,Bichena,ET,10.45,38.2,83,92,52.84,5.97
337,Yichun,CN,47.7,128.9,100,97,48.99,2.15
338,Hovd,MN,48.0056,91.6419,0,44,52.61,8.68
339,Manono,CD,-7.3,27.4167,12,42,78.78,1.99
340,Pyapon,MM,16.2833,95.6833,100,95,75.69,4.5
341,Ambilobe,MG,-13.2,49.05,24,69,69.22,4.61
342,Katsuura,JP,35.1333,140.3,100,69,73.51,9.42
343,Morrope,PE,-6.5417,-80.0111,66,71,67.98,17.85
344,Lambari,BR,-21.9756,-45.3503,48,29,76.19,2.59
345,San Quintin,MX,30.4833,-115.95,0,66,77.02,13.82
346,Minab,IR,27.1467,57.0801,3,47,83.7,2.13
347,Skelleftea,SE,64.7507,20.9528,3,55,43.0,1.99
348,Klaksvik,FO,62.2266,-6.589,100,91,52.72,18.19
349,College,US,64.8569,-147.8028,100,56,59.04,2.3
350,Surskoye,RU,54.4821,46.7214,60,63,63.73,12.57
351,Isla Mujeres,MX,21.2311,-86.731,79,74,83.68,9.69
352,Auki,SB,-8.7676,160.7034,46,72,82.76,5.12
353,Launceston,AU,-41.45,147.1667,75,92,38.79,1.99
354,Beaufort,MY,5.3473,115.7455,96,92,74.59,2.68
355,Buncrana,IE,55.1333,-7.45,72,96,56.68,6.26
356,Torbay,CA,47.6666,-52.7314,100,73,61.61,5.99
357,Sofia,BG,42.6975,23.3242,0,64,59.22,3.44
358,Galbshtadt,RU,53.2264,78.9845,55,69,43.52,10.94
359,Chapais,CA,49.7834,-74.8492,100,75,44.94,7.83
360,Tual,ID,-5.6667,132.75,63,82,80.71,11.86
361,Surovikino,RU,48.6078,42.8486,65,56,67.01,2.71
362,Arandis,NA,-22.4167,14.9667,0,68,47.46,3.0
363,Voyvozh,RU,62.892,54.9635,99,86,37.76,6.17
364,Valleyview,CA,55.0667,-117.2859,5,35,64.22,13.87
365,Kensington,AU,-33.9167,151.2167,20,90,52.21,4.0
366,Jiwani,PK,25.05,61.7417,97,84,80.17,2.73
367,Matelandia,BR,-25.2408,-53.9964,79,24,91.87,10.11
368,Kozhevnikovo,RU,56.2589,83.9714,96,82,41.25,9.8
369,Iralaya,HN,15.0,-83.2333,65,75,82.4,7.45
370,Hambantota,LK,6.1241,81.1185,20,100,79.14,8.05
371,Labuhan,ID,-6.8844,112.2051,96,85,78.49,6.71
372,Puro,PH,12.4841,123.3827,100,84,79.84,5.14
373,Saint-Georges,GD,12.0564,-61.7485,93,75,82.4,7.2
374,New Norfolk,AU,-42.7826,147.0587,15,78,38.71,2.3
375,Wenatchee,US,47.4235,-120.3103,0,31,77.7,3.0
376,Kununurra,AU,-15.7667,128.7333,73,83,67.98,1.14
377,Zaysan,KZ,47.4667,84.8667,22,37,47.34,4.47
378,Buala,SB,-8.145,159.5921,69,74,82.96,10.29
379,Catuday,PH,16.2923,119.8062,100,81,79.12,5.91
380,Sao Filipe,CV,14.8961,-24.4956,84,81,80.1,1.19
381,Pitimbu,BR,-7.4706,-34.8086,40,82,77.07,11.72
382,Mar Del Plata,AR,-38.0023,-57.5575,2,74,51.28,13.87
383,Moron,AR,-34.6534,-58.6198,20,76,62.55,8.01
384,Taikang,CN,46.8333,124.4167,4,93,51.35,7.92
385,Lavrentiya,RU,65.5833,-171.0,100,84,44.67,14.07
386,Axel,NL,51.2667,3.9083,88,77,60.3,3.0
387,Khuzhir,RU,53.1939,107.3397,99,81,52.97,1.97
388,Maindargi,IN,17.4667,76.3,100,89,74.16,15.82
389,Darnah,LY,32.767,22.6367,4,70,75.67,15.88
390,Aksu,CN,41.1231,80.2644,8,45,66.67,1.95
391,Buenos Aires,AR,-34.6132,-58.3772,6,83,62.19,1.99
392,Arroyo,ES,41.6096,-4.7969,0,79,62.91,11.5
393,Ucluelet,CA,48.9329,-125.5528,91,72,72.05,7.25
394,Sakakah,SA,29.9697,40.2064,0,20,78.37,8.9
395,Bom Jesus,BR,-9.0744,-44.3586,17,23,86.54,7.02
396,Robertsport,LR,6.7533,-11.3686,100,80,80.02,7.56
397,Quelimane,MZ,-17.8786,36.8883,0,80,73.36,7.09
398,Guanica,PR,17.9716,-66.908,94,76,83.91,5.01
399,Rio Gallegos,AR,-51.6226,-69.2181,63,62,46.45,31.03
400,Haicheng,CN,40.8516,122.7475,30,95,57.2,6.69
401,Leshukonskoye,RU,64.8989,45.7622,100,78,39.58,10.67
402,Heihe,CN,50.2441,127.4902,100,97,52.38,3.62
403,Forquilhinha,BR,-28.7475,-49.4722,100,97,71.64,3.83
404,Kitwe,ZM,-12.7961,28.2477,46,40,70.9,5.57
405,Kendari,ID,-3.945,122.4989,99,95,73.76,2.46
406,Kutum,SD,14.2,24.6667,67,54,77.77,4.74
407,Tabou,CI,4.423,-7.3528,95,91,76.86,5.14
408,Aksay,RU,47.26,39.87,87,50,61.02,3.98
409,Owasso,US,36.2695,-95.8547,0,46,91.67,10.0
410,Bokovskaya,RU,49.229,41.8306,90,64,65.08,4.23
411,Tuatapere,NZ,-46.1333,167.6833,97,81,41.83,1.79
412,Hirara,JP,24.8,125.2833,75,89,82.67,16.11
413,Hazaribag,IN,23.9833,85.35,100,97,72.45,15.41
414,La Palma,US,33.8464,-118.0467,1,47,86.61,7.0
415,Arlit,NE,18.7369,7.3853,6,10,96.91,10.09
416,Matagami,CA,49.7502,-77.6328,100,76,46.99,5.06
417,Geraldton,AU,-28.7667,114.6,0,93,39.61,4.61
418,Ciudad Valles,MX,21.9833,-99.0167,61,69,86.67,7.45
419,Les Escoumins,CA,48.1111,-69.0236,99,76,52.38,10.29
420,Chernyshevskiy,RU,63.0128,112.4714,79,92,41.38,4.61
421,Iranshahr,IR,27.2025,60.6848,4,9,84.29,6.51
422,Arcata,US,40.8665,-124.0828,75,73,63.59,1.99
423,Benemerito De Las Americas,MX,16.5167,-90.6439,67,48,91.0,3.65
424,Atocha,BO,-20.9333,-66.2333,92,12,53.33,31.47
425,Viseu,PT,40.661,-7.9097,82,94,63.79,1.66
426,Goderich,CA,43.7501,-81.7165,99,65,65.46,7.36
427,Bonavista,CA,48.6499,-53.1147,100,75,62.11,11.41
428,Cabedelo,BR,-6.9811,-34.8339,13,83,76.75,12.15
429,Manggar,ID,-2.8833,108.2667,100,92,75.85,8.41
430,Llanes,ES,43.4198,-4.7549,100,85,68.81,5.21
431,Cahors,FR,44.4167,1.3333,100,80,72.9,5.35
432,Palmer,US,42.1584,-72.3287,20,53,72.36,9.22
433,High Level,CA,58.5169,-117.136,5,35,65.46,8.9
434,Vostok,RU,46.4856,135.8833,100,84,48.9,1.72
435,Aklavik,CA,68.2191,-135.0107,96,71,52.27,11.95
436,Novyye Burasy,RU,52.1324,46.0714,100,56,61.54,6.76
437,Vao,NC,-22.6667,167.4833,4,79,70.7,11.36
438,Benguela,AO,-12.5763,13.4055,25,85,72.07,5.55
439,Kosonsoy,UZ,41.2561,71.5508,1,27,59.56,6.89
440,Carutapera,BR,-1.195,-46.02,10,79,78.89,8.48
441,Shanting,CN,35.0753,117.4578,0,84,66.31,4.09
442,Chake Chake,TZ,-5.2459,39.7666,32,84,73.96,9.48
443,Aras,ES,42.5617,-2.356,0,97,65.19,3.44
444,Grindavik,IS,63.8424,-22.4338,75,81,45.07,28.77
445,Svetlyy,RU,54.675,20.1347,95,90,59.05,4.05
446,Mamou,GN,10.5,-12.0,50,95,68.04,1.34
447,Alekseyevsk,RU,57.8406,108.3492,100,96,45.97,3.0
448,Nargana,PA,9.4428,-78.5906,100,81,81.55,8.41
449,Ozernovskiy,RU,51.5,156.5167,100,82,51.06,25.57
450,Eureka,US,40.8021,-124.1637,68,72,63.34,4.0
451,Henties Bay,NA,-22.116,14.2845,2,92,53.85,9.62
452,Tezu,IN,27.9167,96.1667,4,76,76.75,4.45
453,Plettenberg Bay,ZA,-34.0527,23.3716,100,89,55.15,3.33
454,Dingle,PH,10.9995,122.6711,90,91,75.99,2.28
455,Boyabat,TR,41.4689,34.7667,76,92,64.4,1.66
456,Abu Samrah,SY,35.3029,37.1841,0,53,71.49,6.29
457,Yellowknife,CA,62.456,-114.3525,75,72,57.72,10.36
458,Kikwit,CD,-5.041,18.8162,87,53,80.51,0.54
459,Sanbu,CN,33.4594,119.1453,58,87,70.14,13.09
460,Sakaiminato,JP,35.55,133.2333,100,71,69.73,5.39
461,Ulladulla,AU,-35.35,150.4667,97,79,49.87,14.07
462,Gra Liyia,GR,35.0167,25.6833,0,57,75.38,5.77
463,Sisimiut,GL,66.9395,-53.6735,16,67,35.69,9.33
464,Morros,BR,-9.4467,-46.3003,22,18,85.46,6.49
465,Tazovskiy,RU,67.4667,78.7,100,95,42.57,7.23
466,Gamba,GA,-2.65,10.0,100,86,76.73,6.44
467,Clyde River,CA,70.4692,-68.5914,5,59,34.63,8.79
468,Chipata,ZM,-13.6333,32.65,28,60,66.04,5.86
469,Wamba,NG,8.9333,8.6,95,97,71.62,0.27
470,Mount Gambier,AU,-37.8333,140.7667,90,93,44.51,0.0
471,Copiapo,CL,-27.3667,-70.3333,0,31,68.76,5.97
472,Makurdi,NG,7.7411,8.5121,86,95,72.66,3.51
473,Prieska,ZA,-29.6641,22.7474,89,31,64.51,6.04
474,Ambovombe,MG,-25.1667,46.0833,84,60,71.49,8.59
475,Estevan,CA,49.1334,-102.9842,31,27,69.22,14.85
476,North Platte,US,41.1239,-100.7654,1,45,80.49,3.0
477,Rio Cuarto,AR,-33.1307,-64.3499,56,61,45.84,23.82
478,Niamey,NE,13.5137,2.1098,65,64,84.97,15.03
479,Vallenar,CL,-28.5708,-70.7581,0,27,70.09,6.29
480,Port Lincoln,AU,-34.7333,135.8667,100,64,52.39,9.57
481,Fez,MA,34.0372,-4.9998,75,32,84.45,11.5
482,Tocopilla,CL,-22.092,-70.1979,95,69,62.55,6.8
483,Okhotsk,RU,59.3833,143.3,8,57,56.77,2.39
484,Ola,RU,59.5833,151.2833,0,48,48.69,3.91
485,Loukhi,RU,66.0764,33.0381,100,93,44.71,16.53
486,Yangambi,CD,0.8102,24.4336,72,92,67.46,1.41
487,Alice Springs,AU,-23.7,133.8833,75,30,54.95,4.61
488,Gari,RU,59.4307,62.3497,81,87,32.68,3.87
489,Ciudad Bolivar,VE,8.1222,-63.5497,100,53,88.3,4.07
490,Meulaboh,ID,4.1363,96.1285,97,86,75.09,3.71
491,Tokmak,UA,47.2514,35.7058,37,78,63.03,4.34
492,Litovko,RU,49.2361,135.1742,0,77,47.41,1.3
493,Bedesa,ET,8.9,40.7833,91,73,65.73,4.63
494,Nosy Varika,MG,-20.5833,48.5333,24,92,65.43,4.23
495,Forecariah,GN,9.4306,-13.0881,100,96,74.32,2.98
496,Belaya Gora,RU,68.5333,146.4167,100,53,50.56,4.94
497,Mechetinskaya,RU,46.7713,40.456,67,65,64.17,5.17
498,Muisne,EC,0.6,-80.0333,81,84,74.86,9.84
499,Baiyin,CN,36.5583,104.2081,100,71,63.86,10.45
500,Nioro,GM,13.35,-15.75,100,94,76.75,5.82
501,Dobanovci,RS,44.8269,20.2256,0,63,63.07,5.75
502,Ukiah,US,39.1502,-123.2078,1,19,94.62,0.0
503,Simao,CN,22.7886,100.9748,85,98,63.61,2.08
504,Huasahuasi,PE,-11.3167,-75.6167,74,78,45.73,6.98
505,Jumla,NP,29.2747,82.1838,100,97,59.13,3.58
506,Pandan Niog,PH,6.2282,120.5631,100,75,82.99,12.62
507,Sinazongwe,ZM,-17.2614,27.4618,5,33,72.99,3.56
508,Tera,NE,14.0078,0.7531,72,51,83.12,11.63
509,Koungou,YT,-12.7336,45.2042,0,78,74.91,2.3
510,Nanakuli,US,21.3906,-158.1547,40,61,83.7,11.5
511,Muscat,OM,23.6139,58.5922,77,50,88.81,2.33
512,Morondava,MG,-20.2833,44.2833,0,75,73.29,6.89
513,Kruisfontein,ZA,-34.0033,24.7314,100,95,53.89,0.43
514,Cherskiy,RU,68.75,161.3,91,75,41.02,3.02
515,Pacifica,US,37.6138,-122.4869,20,67,75.36,17.27
516,Point Pedro,LK,9.8167,80.2333,100,82,82.15,19.62
517,Micheweni,TZ,-4.9667,39.8333,39,82,75.18,11.56
518,Chumikan,RU,54.7183,135.315,1,72,49.01,13.22
519,Gat,IL,31.61,34.7642,0,62,78.82,4.09
520,Freeport,US,40.6576,-73.5832,1,63,82.04,4.0
521,Portland,US,45.5234,-122.6762,39,52,71.17,1.99
522,Nantucket,US,41.2835,-70.0995,88,80,69.87,8.05
523,Dubbo,AU,-32.25,148.6167,32,81,46.53,8.05
524,Ngorongoro,TZ,-3.2397,35.4875,32,72,50.5,6.44
525,Perth,AU,-31.9333,115.8333,0,78,48.58,9.22
526,Bykovo,RU,55.6361,38.0803,20,82,60.12,8.95
527,Khandyga,RU,62.6667,135.6,67,67,47.89,2.91
528,Vysokogornyy,RU,50.1167,139.15,0,69,43.18,0.98
529,Urengoy,RU,65.9667,78.3667,100,92,39.06,5.88
530,Kenai,US,60.5544,-151.2583,90,69,51.78,17.27
531,Balkanabat,TM,39.5108,54.3671,1,31,77.76,6.33
532,West Bay,KY,19.3667,-81.4167,40,79,84.16,1.01
533,Gilbues,BR,-9.8317,-45.3439,8,22,83.35,5.88
534,Jaunpur,IN,25.7333,82.6833,58,90,79.05,11.07
535,Casablanca,MA,33.5928,-7.6192,100,70,73.62,8.25
536,Smirnykh,RU,49.75,142.8333,0,74,46.62,5.1
537,Farafangana,MG,-22.8167,47.8333,41,89,68.22,6.4
538,Hualmay,PE,-11.0964,-77.6139,27,77,63.75,11.97
539,Stromness,GB,58.965,-3.296,84,90,53.1,8.99
540,Waddan,LY,29.1614,16.139,0,59,75.96,13.51
541,Takoradi,GH,4.8845,-1.7554,90,92,76.01,7.43
542,Wau,SS,7.7029,27.9953,100,99,70.74,2.66
543,Cayenne,GF,4.9333,-52.3333,0,80,83.08,1.99
544,Hamilton,US,39.1834,-84.5333,3,57,85.14,1.01
545,Jiexiu,CN,37.0244,111.9125,22,85,64.31,3.27
546,Bredasdorp,ZA,-34.5322,20.0403,100,79,52.29,4.0
547,Manakara,MG,-22.1333,48.0167,11,94,65.14,4.43
548,Neyvo-Shaytanskiy,RU,57.7286,61.2496,100,80,40.77,3.96
549,Vestmannaeyjar,IS,63.4427,-20.2734,100,69,49.53,29.8
550,Ghoti,IN,19.7168,73.6245,100,98,70.57,8.61
551,Mizan Teferi,ET,6.9833,35.5833,95,81,61.81,2.39
552,Urumqi,CN,43.801,87.6005,0,32,63.55,8.95
553,Iwaki,JP,37.05,140.8833,100,75,64.42,1.21
554,Eurajoki,FI,61.2,21.7333,84,67,50.02,17.25
555,Moose Factory,CA,51.2585,-80.6094,100,70,46.96,4.97
556,El Retorno,CO,2.3302,-72.6276,60,76,81.72,2.46
557,Grand-Santi,GF,4.25,-54.3833,65,82,76.19,3.13
558,Zaltan,LY,32.947,11.8665,0,62,77.31,8.86
559,La Paz,BO,-16.5,-68.15,20,47,56.73,4.25
560,Shalya,RU,57.2471,58.7298,100,99,43.25,5.46
561,Kingaroy,AU,-26.5333,151.8333,0,29,57.04,12.19
562,Hobart,AU,-42.8794,147.3294,20,91,39.47,3.0
563,Blind River,CA,46.1834,-82.9582,66,56,62.85,2.82
564,Taywarah,AF,33.35,64.4167,0,18,51.17,2.84
565,Namatanai,PG,-3.6667,152.4333,69,76,81.68,9.98
566,Dobryatino,RU,55.5055,41.3195,100,83,59.4,8.84
567,Ostersund,SE,63.1792,14.6357,90,81,43.25,11.5
568,North Bend,US,43.4065,-124.2243,1,57,68.76,25.32
569,Kamwenge,UG,0.1866,30.4539,94,76,64.42,1.41
570,Basco,PH,20.4487,121.9702,100,77,82.04,9.75
571,Abu Dhabi,AE,24.4667,54.3667,87,70,90.99,10.04
572,Tsiroanomandidy,MG,-18.7667,46.0333,71,56,66.7,4.38
573,Dunhua,CN,43.3725,128.2425,54,89,50.04,2.51
574,Gwadar,PK,25.1216,62.3254,86,83,79.88,7.16
575,Ilo,PE,-17.6394,-71.3375,92,83,60.42,7.65
576,Monster,NL,52.0258,4.175,100,88,59.27,3.0
577,Shelburne,CA,44.0787,-80.2041,99,57,62.19,4.9
578,Erzin,TR,36.9559,36.2,0,76,75.0,1.83
579,Coquimbo,CL,-29.9533,-71.3436,0,63,60.53,16.11
580,Hilton Head Island,US,32.2163,-80.7526,40,73,82.83,0.0
581,Ushirombo,TZ,-3.4919,31.9639,79,49,73.4,3.2
582,Emerald,AU,-23.5333,148.1667,10,25,62.38,20.24
583,Nagai,JP,38.1036,140.035,100,82,57.34,0.96
584,Onega,RU,63.9061,38.1404,100,96,47.59,15.86
585,Ylivieska,FI,64.0833,24.55,91,84,46.56,16.11
586,Puerto Varas,CL,-41.3195,-72.9854,75,66,50.22,5.75
587,Rio Grande,BR,-32.035,-52.0986,100,98,61.95,7.54
588,Coria,ES,39.9879,-6.5377,100,87,70.45,4.94
589,Yerbogachen,RU,61.2767,108.0108,100,95,43.54,6.98
590,Ust-Kuyga,RU,70.0167,135.6,90,59,47.17,4.59
591,Pimentel,PE,-6.8367,-79.9342,0,68,66.49,23.02
592,Bafq,IR,31.6128,55.4107,0,14,77.95,3.65
593,Lorengau,PG,-2.0226,147.2712,96,83,80.96,10.29
594,Champerico,GT,14.3,-91.9167,3,73,83.12,8.01
595,Moerai,PF,-22.4333,-151.3333,100,80,73.06,17.02
596,Liwonde,MW,-15.0506,35.2035,16,49,73.2,0.54
597,Krasnoselkup,RU,65.7,82.4667,100,92,42.04,8.9
598,Ishigaki,JP,24.3448,124.1572,84,85,83.03,22.44
599,Oussouye,SN,12.485,-16.5469,100,94,76.28,7.7
600,Nizhnevartovsk,RU,60.9344,76.5531,90,100,37.42,11.18
601,Senador Jose Porfirio,BR,-2.5908,-51.9542,52,54,85.73,6.53
602,Ponta Delgada,PT,37.7333,-25.6667,20,83,68.72,4.61
603,Broome,US,42.2506,-75.833,1,60,71.74,6.91
604,Wahiawa,US,21.5028,-158.0236,75,76,77.47,4.61
605,Scarborough,GB,54.2797,-0.4044,95,87,54.45,8.3
606,Manzanillo,CU,20.3433,-77.1167,65,72,83.07,3.67
607,Wanning,CN,18.8003,110.3967,96,91,80.62,7.54
608,Beloha,MG,-25.1667,45.05,71,51,71.74,5.95
